id,name,age,email,address
0,fyhztghjqi,81,xnypk@example.com,vezjzdlpqtqqoymaewci
1,dndpisifyb,25,aytmh@example.com,vsbetczvdnsktixymuya
2,odtwusqdaq,44,fgxzd@example.com,tpczuneutbbngbtgasra
3,ztzccphyks,42,ipxnu@example.com,uczuuluhivothhziemah
4,mbpjjsvezd,77,yrdxb@example.com,zovjpgyatdychnrvrsme
5,ritpfnsqit,24,lbget@example.com,tfcgzovletqrywirzuvs
6,dkgjngritk,42,aglpp@example.com,qjqshxbccinmdfiwhgev
7,zxvuurxuun,39,xymkz@example.com,gyeiepebgpbjogilxzim
8,adixkqzwwz,41,wlusi@example.com,povoxcurapgwvwzbjqic
9,idxuodokzd,88,zbtau@example.com,yzwwinmsxkkxhquiuyrg
10,bstcoglmjb,57,dlzwy@example.com,awxmijklidedqqgidzsd
11,ypplbmgnmg,89,inpgq@example.com,zlepoyigwzdevkkfeahi
12,pffipijiaj,63,rbzqc@example.com,biiodgdpdhoamtzocqao
13,uvngetzvqt,77,kinyh@example.com,hlkmwexqjfmnuaqajhtq
14,vmxpnnquha,52,puzyo@example.com,qszbufpztjgiiyzdllzv
15,oqkcagcwqq,29,pxwub@example.com,mnxaowtoustrqkqtepyv
16,unhdqjzexn,28,zqlkl@example.com,vrsxqvcxvvvwttwjuxhi
17,dyoabhksvm,47,bipys@example.com,uccteljhcxmpjlgcfmho
18,uldehgevzz,21,gwjlo@example.com,luegwkunzsfbptxighnw
19,mmitzxwlsg,37,zxrjo@example.com,cvfdtpfgdvfdwjgverae
20,imffsvltda,52,jvuiw@example.com,edpcvoqzmzwklbnsrplt
21,lztfwkvmcy,73,yvauv@example.com,pbrbcirdfducpghznqvc
22,gpqqenvzqf,97,wnnwq@example.com,jjgdoxxlpjwpuefvmfrc
23,xfdartftyp,42,wnzzo@example.com,zpgdegixzqosojccfrjl
24,dnnyinvzwr,62,dutsn@example.com,rzihmicdbyefgkbgquub
25,aziraycvgh,64,hxuyg@example.com,ozycfkpmldjexhxwytcj
26,cpdonybont,64,qrdjl@example.com,ydoyoutxomojxliunavn
27,lxabjjnuli,32,oxhjd@example.com,uvvbvahuoxesuwczimlv
28,bvxcsfmnok,76,arkth@example.com,soxqofeznwmkkmbudlgx
29,hyvnebltbj,92,dphwf@example.com,dllgwkibnavgegzcudws
30,omorrvtzao,78,chbml@example.com,yyejjmopbkptjhiylkuy
31,dtewrzyznw,75,olwfk@example.com,qlrmztdwgilojkynelcs
32,hryunycrqf,30,zysft@example.com,jknhmuasrpqzdjdlxbcw
33,ueyqcqudzb,82,mibjh@example.com,pzdjjarxpoyhdbijdsui
34,pcwfjhsdrw,71,oiaqs@example.com,xyzgtxonpmlfgndosenq
35,jtmophbxsh,20,zlwau@example.com,bjfxvvlryzkyaepwzgdy
36,fyekchnddc,20,ldaye@example.com,qeasciqrzpfeplejnuiu
37,eujjfwifsy,70,zidzf@example.com,llfjvsutzrcaulxwxqes
38,nnmqidjtha,82,nmtjw@example.com,quvczpsqreyajnjqzirj
39,hmzpuulssf,37,tgfdm@example.com,asdrectqgwvohzdnbpci
40,mzqigubjer,93,cznul@example.com,rbestvbtnnjdhdgpcnrj
41,jfffwcscbd,38,tpysb@example.com,lbeebzhyuzgfzmtepbuh
42,ezjovgwpkv,43,zolke@example.com,ogqtttkrprpazeepehsi
43,hqzkuyucwx,55,todpv@example.com,tqnospygqecvexbrvyyu
44,yyqwtjykyi,55,kdflg@example.com,xcflrmqolcxcnzlcxugj
45,ghdyzciglg,64,jlvpz@example.com,zgcftgloacqatliezpyo
46,obqijoifov,30,lxqoa@example.com,spicjqgpgymshlxgcnzn
47,uylmmanzze,83,emgar@example.com,cfeoroemoxdsbycpehuh
48,vkehrekefc,36,golko@example.com,qvyzxxrovsljcgfjvdat
49,nwncejzgfa,37,bbxjk@example.com,mrtkyqvkcukwatjrynse
